2016_7_16_22_12_11,2016_7_16_22_54_28,
3,4,180,21,
4,0,
園田,1,2,0,早川,8,6,0,嘉村,2,3,0,遠藤,1,5,0,
園田,6,4,0,早川,3,1,0,嘉村,7,6,0,遠藤,2,4,0,
トナミ運輸,9,10,0,日本ユニシス,21,21,0,
24,0,9,1,20,1,12,0,6,1,12,0,9,1,8,1,19,0,18,1,18,1,14,0,6,1,9,1,6,1,18,1,15,0,18,1,18,1,19,1,9,1,3,0,9,1,6,1,9,1,12,0,8,1,6,1,24,0,6,1,100,100,100,100,100,100,100,100,100,100,100,100,100,100,100,100,100,100,100,100,100,100,100,100,100,100,100,100,100,100,100,100,100,100,100,100,100,100,100,100,100,100,100,100,100,100,100,100,100,100,100,100,100,100,100,100,100,100,100,100,100,100,100,100,100,100,100,100,100,100,100,100,100,100,100,100,100,100,100,100,100,100,100,100,100,100,100,100,100,100,100,100,100,100,100,100,100,100,100,100,100,100,100,100,100,100,100,100,100,100,100,100,100,100,100,100,100,100,100,100,6,1,24,0,18,1,18,1,9,1,12,0,9,1,24,0,15,0,9,1,18,1,18,1,24,0,15,0,18,1,21,1,15,0,18,1,3,0,9,1,6,1,6,1,9,1,6,1,3,0,9,1,21,1,20,1,24,0,21,1,21,1,100,100,100,100,100,100,100,100,100,100,100,100,100,100,100,100,100,100,100,100,100,100,100,100,100,100,100,100,100,100,100,100,100,100,100,100,100,100,100,100,100,100,100,100,100,100,100,100,100,100,100,100,100,100,100,100,100,100,100,100,100,100,100,100,100,100,100,100,100,100,100,100,100,100,100,100,100,100,100,100,100,100,100,100,100,100,100,100,100,100,100,100,100,100,100,100,100,100,100,100,100,100,100,100,100,100,100,100,100,100,100,100,100,100,100,100,100,100,100,100,100,100,100,100,100,100,100,100,100,100,100,100,100,100,100,100,100,100,100,100,100,100,100,100,100,100,100,100,100,100,100,100,100,100,100,100,100,100,100,100,100,100,100,100,100,100,100,100,100,100,100,100,100,100,100,100,100,100,100,100,100,100,100,100,100,100,100,100,100,100,100,100,100,100,100,100,100,100,100,100,100,100,100,100,100,100,100,100,100,100,100,100,100,100,100,100,100,100,100,100,100,100,100,100,100,100,100,100,100,100,100,100,100,100,100,100,100,100,100,100,100,100,100,100,100,100,100,100,100,100,100,100,100,100,100,100,100,100,100,100,100,100,100,100,100,100,100,100,100,100,100,100,100,100,100,100,100,100,100,100,100,100,100,100,100,100,100,100,100,100,100,100,100,100,100,100,100,100,
22_12_40,none,22_12_46,none,22_12_50,none,22_12_54,none,22_12_58,none,22_13_4,none,22_13_8,none,22_13_12,none,22_16_7,none,22_16_39,none,22_17_1,none,22_17_33,none,22_18_1,none,22_18_31,none,22_19_11,none,22_19_43,none,22_21_8,none,22_21_32,none,22_21_57,none,22_22_46,none,22_23_8,none,22_24_1,none,22_24_30,none,22_25_6,none,22_25_31,none,22_25_59,none,22_26_21,none,22_26_43,none,22_26_59,none,22_27_27,none,none,none,none,none,none,none,none,none,none,none,none,none,none,none,none,none,none,none,none,none,none,none,none,none,none,none,none,none,none,none,none,none,none,none,none,none,none,none,none,none,none,none,none,none,none,none,none,none,none,none,none,none,none,none,none,none,none,none,none,none,none,none,none,none,none,none,none,none,none,none,none,none,none,none,none,none,none,none,none,none,none,none,none,none,none,none,none,none,none,none,none,none,none,none,none,none,none,none,none,none,none,none,none,none,none,none,none,none,none,none,none,none,none,none,none,none,none,none,none,none,22_29_51,none,22_30_14,none,22_30_39,none,22_31_9,none,22_31_57,none,22_32_54,none,22_33_51,none,22_34_19,none,22_35_6,none,22_36_9,none,22_36_38,none,22_37_3,none,22_37_31,none,22_38_2,none,22_38_49,none,22_39_27,none,22_39_59,none,22_40_40,none,22_46_25,none,22_46_47,none,22_47_14,none,22_47_43,none,22_48_16,none,22_48_45,none,22_49_12,none,22_49_38,none,22_50_17,none,22_50_57,none,22_51_36,none,22_52_36,none,22_54_21,none,none,none,none,none,none,none,none,none,none,none,none,none,none,none,none,none,none,none,none,none,none,none,none,none,none,none,none,none,none,none,none,none,none,none,none,none,none,none,none,none,none,none,none,none,none,none,none,none,none,none,none,none,none,none,none,none,none,none,none,none,none,none,none,none,none,none,none,none,none,none,none,none,none,none,none,none,none,none,none,none,none,none,none,none,none,none,none,none,none,none,none,none,none,none,none,none,none,none,none,none,none,none,none,none,none,none,none,none,none,none,none,none,none,none,none,none,none,none,none,none,none,none,none,none,none,none,none,none,none,none,none,none,none,none,none,none,none,none,none,none,none,none,none,none,none,none,none,none,none,none,none,none,none,none,none,none,none,none,none,none,none,none,none,none,none,none,none,none,none,none,none,none,none,none,none,none,none,none,none,none,none,none,none,none,none,none,none,none,none,none,none,none,none,none,none,none,none,none,none,none,none,none,none,none,none,none,none,none,none,none,none,none,none,none,none,none,none,none,none,none,none,none,none,none,none,none,none,none,none,none,none,none,none,none,none,none,none,none,none,none,none,none,none,none,none,none,none,none,none,none,none,none,none,none,none,none,none,none,none,none,none,none,none,none,none,none,none,none,none,none,none,none,none,none,none,none,none,none,none,none,none,none,none,none,none,none,none,none,none,none,none,none,none,none,none,none,none,none,
