2016_8_21_21_13_39,2016_8_21_21_31_4,
3,4,180,21,
4,5,
GOH V Shem,2,3,6,FU Haifeng,5,4,6,TAN Wee Kiong,12,3,7,ZHANG Nan,4,4,3,
GOH V Shem,4,3,9,FU Haifeng,2,2,6,TAN Wee Kiong,3,10,5,ZHANG Nan,5,3,2,
MAS,21,11,21,CHN,16,21,23,
8,1,6,1,24,0,9,1,24,0,17,1,21,1,15,0,21,1,20,1,24,0,12,0,15,0,12,0,4,0,3,0,14,0,8,1,15,0,24,0,15,0,9,1,6,1,21,1,15,0,15,0,18,1,18,1,14,0,5,1,24,0,14,0,6,1,15,0,15,0,8,1,14,0,100,100,100,100,100,100,100,100,100,100,100,100,100,100,100,100,100,100,100,100,100,100,100,100,100,100,100,100,100,100,100,100,100,100,100,100,100,100,100,100,100,100,100,100,100,100,100,100,100,100,100,100,100,100,100,100,100,100,100,100,100,100,100,100,100,100,100,100,100,100,100,100,100,100,100,100,100,100,100,100,100,100,100,100,100,100,100,100,100,100,100,100,100,100,100,100,100,100,100,100,100,100,100,100,100,100,21,1,3,0,9,1,18,1,18,1,9,1,18,1,15,0,18,1,18,1,2,0,5,1,21,1,15,0,9,1,20,1,24,0,15,0,5,1,23,0,17,1,11,0,18,1,24,0,18,1,9,1,2,0,21,1,6,1,18,1,12,0,18,1,100,100,100,100,100,100,100,100,100,100,100,100,100,100,100,100,100,100,100,100,100,100,100,100,100,100,100,100,100,100,100,100,100,100,100,100,100,100,100,100,100,100,100,100,100,100,100,100,100,100,100,100,100,100,100,100,100,100,100,100,100,100,100,100,100,100,100,100,100,100,100,100,100,100,100,100,100,100,100,100,100,100,100,100,100,100,100,100,100,100,100,100,100,100,100,100,100,100,100,100,100,100,100,100,100,100,100,100,100,100,100,100,100,100,100,100,9,1,6,1,3,0,9,1,9,1,3,0,15,0,18,1,3,0,6,1,21,1,15,0,6,1,21,1,3,0,9,1,15,0,3,0,18,1,15,0,12,0,5,1,15,0,12,0,9,1,18,1,6,1,24,0,18,1,12,0,21,1,14,0,12,0,12,0,14,0,8,1,6,1,24,0,12,0,17,1,3,0,5,1,5,1,6,1,100,100,100,100,100,100,100,100,100,100,100,100,100,100,100,100,100,100,100,100,100,100,100,100,100,100,100,100,100,100,100,100,100,100,100,100,100,100,100,100,100,100,100,100,100,100,100,100,100,100,100,100,100,100,100,100,100,100,100,100,100,100,100,100,100,100,100,100,100,100,100,100,100,100,100,100,100,100,100,100,100,100,100,100,100,100,100,100,100,100,100,100,
20_12_23,none,20_12_43,none,20_13_2,none,20_13_25,none,20_13_59,none,20_14_24,none,20_14_45,none,20_15_9,none,20_15_34,none,20_16_6,none,20_16_44,none,20_17_11,none,20_17_36,none,20_20_28,none,20_20_55,none,20_21_52,none,20_22_14,none,20_22_51,none,20_23_29,none,20_24_41,none,20_24_57,none,20_25_29,none,20_26_17,none,20_26_58,none,20_27_30,none,20_27_57,none,20_28_42,none,20_29_7,none,20_29_37,none,20_30_19,none,20_31_4,none,20_31_38,none,20_32_12,none,20_32_42,none,20_33_7,none,20_33_37,none,20_34_15,none,none,none,none,none,none,none,none,none,none,none,none,none,none,none,none,none,none,none,none,none,none,none,none,none,none,none,none,none,none,none,none,none,none,none,none,none,none,none,none,none,none,none,none,none,none,none,none,none,none,none,none,none,none,none,none,none,none,none,none,none,none,none,none,none,none,none,none,none,none,none,none,none,none,none,none,none,none,none,none,none,none,none,none,none,none,none,none,none,none,none,none,none,none,none,none,none,none,none,none,none,none,none,none,none,none,none,20_39_55,none,20_40_21,none,20_40_35,none,20_40_58,none,20_41_27,none,20_42_7,none,20_42_43,none,20_43_15,none,20_43_42,none,20_44_17,none,20_45_18,none,20_45_54,none,20_46_13,none,20_46_41,none,20_47_18,none,20_48_40,none,20_49_3,none,20_49_38,none,20_50_12,none,20_50_43,none,20_51_18,none,20_51_37,none,20_52_20,none,20_53_8,none,20_53_41,none,20_54_16,none,20_54_50,none,20_55_22,none,20_56_18,none,20_56_42,none,20_57_1,none,20_57_25,none,none,none,none,none,none,none,none,none,none,none,none,none,none,none,none,none,none,none,none,none,none,none,none,none,none,none,none,none,none,none,none,none,none,none,none,none,none,none,none,none,none,none,none,none,none,none,none,none,none,none,none,none,none,none,none,none,none,none,none,none,none,none,none,none,none,none,none,none,none,none,none,none,none,none,none,none,none,none,none,none,none,none,none,none,none,none,none,none,none,none,none,none,none,none,none,none,none,none,none,none,none,none,none,none,none,none,none,none,none,none,none,none,none,none,none,none,20_59_43,none,21_1_2,none,21_1_19,none,21_1_47,none,21_2_18,none,21_2_46,none,21_3_17,none,21_3_50,none,21_4_25,none,21_4_54,none,21_5_29,none,21_8_18,none,21_8_47,none,21_9_23,none,21_10_11,none,21_10_45,none,21_11_11,none,21_11_41,none,21_12_4,none,21_13_58,none,21_14_52,none,21_15_38,none,21_16_10,none,21_16_50,none,21_17_20,none,21_17_54,none,21_18_27,none,21_18_54,none,21_19_26,none,21_20_7,none,21_20_35,none,21_21_31,none,21_22_18,none,21_22_50,none,21_23_23,none,21_24_11,none,21_24_59,none,21_25_19,none,21_25_54,none,21_26_44,none,21_27_18,none,21_27_56,none,21_28_33,none,21_30_54,none,none,none,none,none,none,none,none,none,none,none,none,none,none,none,none,none,none,none,none,none,none,none,none,none,none,none,none,none,none,none,none,none,none,none,none,none,none,none,none,none,none,none,none,none,none,none,none,none,none,none,none,none,none,none,none,none,none,none,none,none,none,none,none,none,none,none,none,none,none,none,none,none,none,none,none,none,none,none,none,none,none,none,none,none,none,none,none,none,none,none,none,none,
