2016_8_20_20_18_31,2016_8_20_20_49_13,
3,2,180,21,
5,4,
MARIN Carolina,11,14,13,PUSARLA V.Sindhu,3,4,6,
MARIN Carolina,18,8,9,PUSARLA V.Sindhu,8,7,8,
ESP,19,21,21,IND,21,12,15,
3,0,6,1,6,1,12,0,12,0,3,0,2,0,6,1,12,0,12,0,9,1,12,0,6,1,2,0,6,1,4,0,3,0,12,0,6,1,6,1,9,1,12,0,6,1,3,0,6,1,2,0,6,1,6,1,2,0,5,1,5,1,2,0,6,1,12,0,2,0,6,1,6,1,6,1,6,1,8,1,100,100,100,100,100,100,100,100,100,100,100,100,100,100,100,100,100,100,100,100,100,100,100,100,100,100,100,100,100,100,100,100,100,100,100,100,100,100,100,100,100,100,100,100,100,100,100,100,100,100,100,100,100,100,100,100,100,100,100,100,100,100,100,100,100,100,100,100,100,100,100,100,100,100,100,100,100,100,100,100,100,100,100,100,100,100,100,100,100,100,100,100,100,100,100,100,100,100,100,100,3,0,12,0,2,0,12,0,6,1,2,0,12,0,9,1,12,0,3,0,3,0,2,0,3,0,9,1,6,1,3,0,6,1,3,0,6,1,12,0,8,1,3,0,6,1,2,0,8,1,12,0,3,0,6,1,6,1,12,0,6,1,3,0,3,0,100,100,100,100,100,100,100,100,100,100,100,100,100,100,100,100,100,100,100,100,100,100,100,100,100,100,100,100,100,100,100,100,100,100,100,100,100,100,100,100,100,100,100,100,100,100,100,100,100,100,100,100,100,100,100,100,100,100,100,100,100,100,100,100,100,100,100,100,100,100,100,100,100,100,100,100,100,100,100,100,100,100,100,100,100,100,100,100,100,100,100,100,100,100,100,100,100,100,100,100,100,100,100,100,100,100,100,100,100,100,100,100,100,100,3,0,12,0,9,1,12,0,2,0,2,0,3,0,6,1,9,1,3,0,8,1,12,0,2,0,5,1,6,1,8,1,6,1,12,0,8,1,9,1,12,0,3,0,12,0,3,0,6,1,2,0,6,1,12,0,6,1,5,1,2,0,3,0,12,0,2,0,6,1,3,0,100,100,100,100,100,100,100,100,100,100,100,100,100,100,100,100,100,100,100,100,100,100,100,100,100,100,100,100,100,100,100,100,100,100,100,100,100,100,100,100,100,100,100,100,100,100,100,100,100,100,100,100,100,100,100,100,100,100,100,100,100,100,100,100,100,100,100,100,100,100,100,100,100,100,100,100,100,100,100,100,100,100,100,100,100,100,100,100,100,100,100,100,100,100,100,100,100,100,100,100,100,100,100,100,100,100,100,100,
20_22_11,none,20_22_16,none,20_22_19,none,20_22_22,none,20_22_25,none,20_23_13,none,20_23_19,none,20_23_22,none,20_23_29,none,20_23_34,none,20_23_37,none,20_23_41,none,20_23_44,none,20_23_48,none,20_23_52,none,20_24_6,none,20_24_9,none,20_24_13,none,20_24_16,none,20_24_18,none,20_24_24,none,20_24_28,none,20_24_39,none,20_24_42,none,20_24_46,none,20_24_49,none,20_24_53,none,20_24_56,none,20_25_15,none,20_25_40,none,20_25_42,none,20_25_46,none,20_25_49,none,20_25_52,none,20_25_55,none,20_26_33,none,20_26_37,none,20_26_39,none,20_26_43,none,20_26_48,none,none,none,none,none,none,none,none,none,none,none,none,none,none,none,none,none,none,none,none,none,none,none,none,none,none,none,none,none,none,none,none,none,none,none,none,none,none,none,none,none,none,none,none,none,none,none,none,none,none,none,none,none,none,none,none,none,none,none,none,none,none,none,none,none,none,none,none,none,none,none,none,none,none,none,none,none,none,none,none,none,none,none,none,none,none,none,none,none,none,none,none,none,none,none,none,none,none,none,none,none,20_30_44,none,20_31_10,none,20_31_52,none,20_32_42,none,20_33_23,none,20_33_48,none,20_34_22,none,20_34_53,none,20_35_23,none,20_35_55,none,20_36_23,none,20_36_27,none,20_36_31,none,20_36_36,none,20_36_40,none,20_36_45,none,20_36_47,none,20_36_55,none,20_36_58,none,20_37_49,none,20_37_54,none,20_38_1,none,20_38_3,none,20_38_6,none,20_38_11,none,20_38_14,none,20_38_19,none,20_38_23,none,20_38_26,none,20_38_29,none,20_38_32,none,20_38_35,none,20_38_37,none,none,none,none,none,none,none,none,none,none,none,none,none,none,none,none,none,none,none,none,none,none,none,none,none,none,none,none,none,none,none,none,none,none,none,none,none,none,none,none,none,none,none,none,none,none,none,none,none,none,none,none,none,none,none,none,none,none,none,none,none,none,none,none,none,none,none,none,none,none,none,none,none,none,none,none,none,none,none,none,none,none,none,none,none,none,none,none,none,none,none,none,none,none,none,none,none,none,none,none,none,none,none,none,none,none,none,none,none,none,none,none,none,none,none,20_40_5,none,20_40_8,none,20_40_11,none,20_40_13,none,20_40_16,none,20_40_18,none,20_40_20,none,20_40_23,none,20_40_27,none,20_40_33,none,20_40_36,none,20_40_38,none,20_40_43,none,20_41_11,none,20_41_15,none,20_41_18,none,20_41_22,none,20_41_42,none,20_41_45,none,20_41_50,none,20_41_54,none,20_41_57,none,20_42_0,none,20_42_3,none,20_42_5,none,20_42_8,none,20_42_12,none,20_42_18,none,20_42_38,none,20_42_42,none,20_42_44,none,20_46_16,none,20_46_54,none,20_47_28,none,20_48_34,none,20_49_7,none,none,none,none,none,none,none,none,none,none,none,none,none,none,none,none,none,none,none,none,none,none,none,none,none,none,none,none,none,none,none,none,none,none,none,none,none,none,none,none,none,none,none,none,none,none,none,none,none,none,none,none,none,none,none,none,none,none,none,none,none,none,none,none,none,none,none,none,none,none,none,none,none,none,none,none,none,none,none,none,none,none,none,none,none,none,none,none,none,none,none,none,none,none,none,none,none,none,none,none,none,none,none,none,none,none,none,none,none,
