2016_8_17_20_52_31,2016_8_17_21_47_29,
3,2,180,21,
4,2,
奥原希望,7,8,12,山口茜,12,13,4,
奥原希望,9,4,6,山口茜,4,13,9,
日本,11,21,21,日本,21,17,10,
2,0,8,1,8,1,8,1,2,0,8,1,5,1,2,0,12,0,6,1,9,1,6,1,12,0,9,1,8,1,2,0,2,0,3,0,8,1,12,0,6,1,9,1,9,1,6,1,6,1,4,0,9,1,6,1,5,1,12,0,6,1,8,1,100,100,100,100,100,100,100,100,100,100,100,100,100,100,100,100,100,100,100,100,100,100,100,100,100,100,100,100,100,100,100,100,100,100,100,100,100,100,100,100,100,100,100,100,100,100,100,100,100,100,100,100,100,100,100,100,100,100,100,100,100,100,100,100,100,100,100,100,100,100,100,100,100,100,100,100,100,100,100,100,100,100,100,100,100,100,100,100,100,100,100,100,100,100,100,100,100,100,100,100,100,100,100,100,100,100,100,100,100,100,100,100,100,100,100,100,8,1,9,1,12,0,6,1,6,1,12,0,2,0,6,1,2,0,8,1,3,0,12,0,12,0,12,0,9,1,12,0,12,0,3,0,11,0,9,1,9,1,3,0,8,1,8,1,12,0,9,1,9,1,2,0,12,0,11,0,9,1,3,0,12,0,3,0,6,1,9,1,9,1,12,0,100,100,100,100,100,100,100,100,100,100,100,100,100,100,100,100,100,100,100,100,100,100,100,100,100,100,100,100,100,100,100,100,100,100,100,100,100,100,100,100,100,100,100,100,100,100,100,100,100,100,100,100,100,100,100,100,100,100,100,100,100,100,100,100,100,100,100,100,100,100,100,100,100,100,100,100,100,100,100,100,100,100,100,100,100,100,100,100,100,100,100,100,100,100,100,100,100,100,100,100,100,100,100,100,3,0,3,0,12,0,6,1,12,0,12,0,3,0,6,1,2,0,6,1,9,1,6,1,2,0,12,0,2,0,9,1,3,0,2,0,2,0,4,0,12,0,6,1,8,1,11,0,9,1,2,0,12,0,12,0,6,1,12,0,3,0,100,100,100,100,100,100,100,100,100,100,100,100,100,100,100,100,100,100,100,100,100,100,100,100,100,100,100,100,100,100,100,100,100,100,100,100,100,100,100,100,100,100,100,100,100,100,100,100,100,100,100,100,100,100,100,100,100,100,100,100,100,100,100,100,100,100,100,100,100,100,100,100,100,100,100,100,100,100,100,100,100,100,100,100,100,100,100,100,100,100,100,100,100,100,100,100,100,100,100,100,100,100,100,100,100,100,100,100,100,100,100,100,100,100,100,100,100,100,
20_52_38,none,20_52_42,none,20_52_46,none,20_52_48,none,20_52_51,none,20_52_54,none,20_52_57,none,20_53_37,none,20_53_42,none,20_53_45,none,20_53_48,none,20_53_56,none,20_54_0,none,20_54_4,none,20_54_6,none,20_54_10,none,20_54_14,none,20_54_18,none,20_54_23,none,20_54_27,none,20_54_33,none,20_54_36,none,20_54_39,none,20_54_46,none,20_54_49,none,20_54_54,none,20_57_45,none,20_58_3,none,20_58_37,none,20_59_14,none,21_0_4,none,21_0_28,none,none,none,none,none,none,none,none,none,none,none,none,none,none,none,none,none,none,none,none,none,none,none,none,none,none,none,none,none,none,none,none,none,none,none,none,none,none,none,none,none,none,none,none,none,none,none,none,none,none,none,none,none,none,none,none,none,none,none,none,none,none,none,none,none,none,none,none,none,none,none,none,none,none,none,none,none,none,none,none,none,none,none,none,none,none,none,none,none,none,none,none,none,none,none,none,none,none,none,none,none,none,none,none,none,none,none,none,none,none,none,none,none,none,none,none,none,21_2_36,none,21_2_58,none,21_3_22,none,21_3_44,none,21_4_12,none,21_4_44,none,21_5_26,none,21_6_9,none,21_6_54,none,21_7_23,none,21_8_7,none,21_8_59,none,21_9_35,none,21_10_32,none,21_11_5,none,21_11_31,none,21_12_4,none,21_12_39,none,21_14_1,none,21_14_30,none,21_15_3,none,21_16_7,none,21_16_36,none,21_17_5,none,21_17_29,none,21_18_0,none,21_19_31,none,21_19_57,none,21_20_56,none,21_21_42,none,21_22_17,none,21_22_41,none,21_23_6,none,21_23_51,none,21_24_10,none,21_24_55,none,21_25_43,none,21_26_29,none,none,none,none,none,none,none,none,none,none,none,none,none,none,none,none,none,none,none,none,none,none,none,none,none,none,none,none,none,none,none,none,none,none,none,none,none,none,none,none,none,none,none,none,none,none,none,none,none,none,none,none,none,none,none,none,none,none,none,none,none,none,none,none,none,none,none,none,none,none,none,none,none,none,none,none,none,none,none,none,none,none,none,none,none,none,none,none,none,none,none,none,none,none,none,none,none,none,none,none,none,none,none,none,none,21_28_31,none,21_28_33,none,21_29_6,none,21_29_53,none,21_31_3,none,21_31_35,none,21_32_5,none,21_32_40,none,21_33_23,none,21_34_24,none,21_34_59,none,21_35_36,none,21_36_9,none,21_37_19,none,21_37_49,none,21_38_15,none,21_38_44,none,21_40_5,none,21_40_30,none,21_40_55,none,21_41_16,none,21_41_42,none,21_42_4,none,21_42_53,none,21_43_43,none,21_45_5,none,21_45_46,none,21_46_8,none,21_46_30,none,21_46_55,none,21_47_20,none,none,none,none,none,none,none,none,none,none,none,none,none,none,none,none,none,none,none,none,none,none,none,none,none,none,none,none,none,none,none,none,none,none,none,none,none,none,none,none,none,none,none,none,none,none,none,none,none,none,none,none,none,none,none,none,none,none,none,none,none,none,none,none,none,none,none,none,none,none,none,none,none,none,none,none,none,none,none,none,none,none,none,none,none,none,none,none,none,none,none,none,none,none,none,none,none,none,none,none,none,none,none,none,none,none,none,none,none,none,none,none,none,none,none,none,none,none,none,
