2016_8_18_23_59_30,2016_8_19_0_51_18,
3,2,180,21,
5,1,
奥原,11,1,0,プサルラ,13,17,0,
奥原,8,4,0,プサルラ,8,9,0,
日本,19,10,0,インド,21,21,0,
3,0,9,1,6,1,9,1,8,1,12,0,4,0,6,1,2,0,9,1,9,1,9,1,3,0,12,0,8,1,8,1,6,1,12,0,2,0,10,1,3,0,2,0,6,1,6,1,12,0,12,0,8,1,12,0,9,1,3,0,6,1,3,0,9,1,12,0,12,0,9,1,2,0,6,1,3,0,6,1,100,100,100,100,100,100,100,100,100,100,100,100,100,100,100,100,100,100,100,100,100,100,100,100,100,100,100,100,100,100,100,100,100,100,100,100,100,100,100,100,100,100,100,100,100,100,100,100,100,100,100,100,100,100,100,100,100,100,100,100,100,100,100,100,100,100,100,100,100,100,100,100,100,100,100,100,100,100,100,100,100,100,100,100,100,100,100,100,100,100,100,100,100,100,100,100,100,100,100,100,10,1,8,1,8,1,12,0,3,0,12,0,12,0,12,0,7,1,8,1,12,0,12,0,8,1,9,1,11,0,9,1,9,1,11,0,9,1,11,0,9,1,6,1,8,1,8,1,9,1,8,1,6,1,5,1,9,1,8,1,8,1,100,100,100,100,100,100,100,100,100,100,100,100,100,100,100,100,100,100,100,100,100,100,100,100,100,100,100,100,100,100,100,100,100,100,100,100,100,100,100,100,100,100,100,100,100,100,100,100,100,100,100,100,100,100,100,100,100,100,100,100,100,100,100,100,100,100,100,100,100,100,100,100,100,100,100,100,100,100,100,100,100,100,100,100,100,100,100,100,100,100,100,100,100,100,100,100,100,100,100,100,100,100,100,100,100,100,100,100,100,100,100,100,100,100,100,100,100,100,100,100,100,100,100,100,100,100,100,100,100,100,100,100,100,100,100,100,100,100,100,100,100,100,100,100,100,100,100,100,100,100,100,100,100,100,100,100,100,100,100,100,100,100,100,100,100,100,100,100,100,100,100,100,100,100,100,100,100,100,100,100,100,100,100,100,100,100,100,100,100,100,100,100,100,100,100,100,100,100,100,100,100,100,100,100,100,100,100,100,100,100,100,100,100,100,100,100,100,100,100,100,100,100,100,100,100,100,100,100,100,100,100,100,100,100,100,100,100,100,100,100,100,100,100,100,100,100,100,100,100,100,100,100,100,100,100,100,100,100,100,100,100,100,100,100,100,100,100,100,100,100,100,100,100,100,100,100,100,100,100,100,100,100,100,100,100,100,100,100,100,100,100,100,100,100,100,100,100,100,
0_1_48,none,0_2_20,none,0_2_38,none,0_3_31,none,0_3_56,none,0_4_34,none,0_5_12,none,0_5_37,none,0_5_55,none,0_6_30,none,0_6_58,none,0_7_32,none,0_8_9,none,0_8_51,none,0_9_47,none,0_11_1,none,0_11_55,none,0_13_18,none,0_13_41,none,0_14_44,none,0_16_31,none,0_17_2,none,0_17_55,none,0_18_21,none,0_18_55,none,0_19_16,none,0_19_50,none,0_20_29,none,0_21_1,none,0_21_35,none,0_21_57,none,0_22_15,none,0_22_57,none,0_23_34,none,0_24_3,none,0_24_39,none,0_25_11,none,0_26_2,none,0_26_53,none,0_27_57,none,none,none,none,none,none,none,none,none,none,none,none,none,none,none,none,none,none,none,none,none,none,none,none,none,none,none,none,none,none,none,none,none,none,none,none,none,none,none,none,none,none,none,none,none,none,none,none,none,none,none,none,none,none,none,none,none,none,none,none,none,none,none,none,none,none,none,none,none,none,none,none,none,none,none,none,none,none,none,none,none,none,none,none,none,none,none,none,none,none,none,none,none,none,none,none,none,none,none,none,none,0_30_40,none,0_31_18,none,0_32_10,none,0_33_21,none,0_34_5,none,0_34_41,none,0_35_4,none,0_35_25,none,0_35_52,none,0_36_28,none,0_37_22,none,0_37_54,none,0_38_26,none,0_39_17,none,0_39_55,none,0_40_38,none,0_41_23,none,0_41_44,none,0_42_10,none,0_43_8,none,0_44_7,none,0_45_47,none,0_46_13,none,0_47_0,none,0_47_36,none,0_48_17,none,0_49_8,none,0_49_26,none,0_49_54,none,0_50_24,none,0_51_1,none,none,none,none,none,none,none,none,none,none,none,none,none,none,none,none,none,none,none,none,none,none,none,none,none,none,none,none,none,none,none,none,none,none,none,none,none,none,none,none,none,none,none,none,none,none,none,none,none,none,none,none,none,none,none,none,none,none,none,none,none,none,none,none,none,none,none,none,none,none,none,none,none,none,none,none,none,none,none,none,none,none,none,none,none,none,none,none,none,none,none,none,none,none,none,none,none,none,none,none,none,none,none,none,none,none,none,none,none,none,none,none,none,none,none,none,none,none,none,none,none,none,none,none,none,none,none,none,none,none,none,none,none,none,none,none,none,none,none,none,none,none,none,none,none,none,none,none,none,none,none,none,none,none,none,none,none,none,none,none,none,none,none,none,none,none,none,none,none,none,none,none,none,none,none,none,none,none,none,none,none,none,none,none,none,none,none,none,none,none,none,none,none,none,none,none,none,none,none,none,none,none,none,none,none,none,none,none,none,none,none,none,none,none,none,none,none,none,none,none,none,none,none,none,none,none,none,none,none,none,none,none,none,none,none,none,none,none,none,none,none,none,none,none,none,none,none,none,none,none,none,none,none,none,none,none,none,none,none,none,none,none,none,none,none,none,none,none,none,none,none,none,none,none,none,none,none,none,none,none,none,none,none,none,none,none,none,none,none,none,none,none,none,none,none,none,none,none,none,
