2016_8_19_1_2_16,2016_8_19_2_21_40,
3,4,180,21,
1,0,
高橋,4,6,8,Kリターユール　左,4,1,3,松友,8,6,8,Cペデルセン,6,4,9,
高橋,3,3,4,Kリターユール　左,5,5,2,松友,8,1,4,Cペデルセン,1,4,2,
日本,18,21,21,デンマーク,21,9,19,
6,1,15,0,18,1,11,0,18,1,14,0,18,1,14,0,18,1,21,1,6,1,15,0,15,0,12,0,3,0,21,1,15,0,21,1,8,1,18,1,3,0,14,0,17,1,11,0,15,0,8,1,8,1,18,1,12,0,20,1,12,0,24,0,20,1,6,1,2,0,17,1,21,1,2,0,9,1,100,100,100,100,100,100,100,100,100,100,100,100,100,100,100,100,100,100,100,100,100,100,100,100,100,100,100,100,100,100,100,100,100,100,100,100,100,100,100,100,100,100,100,100,100,100,100,100,100,100,100,100,100,100,100,100,100,100,100,100,100,100,100,100,100,100,100,100,100,100,100,100,100,100,100,100,100,100,100,100,100,100,100,100,100,100,100,100,100,100,100,100,100,100,100,100,100,100,100,100,100,100,3,0,15,0,21,1,15,0,12,0,2,0,14,0,9,1,2,0,24,0,18,1,6,1,24,0,2,0,21,1,14,0,14,0,12,0,2,0,6,1,14,0,12,0,24,0,21,1,6,1,12,0,24,0,12,0,21,1,3,0,100,100,100,100,100,100,100,100,100,100,100,100,100,100,100,100,100,100,100,100,100,100,100,100,100,100,100,100,100,100,100,100,100,100,100,100,100,100,100,100,100,100,100,100,100,100,100,100,100,100,100,100,100,100,100,100,100,100,100,100,100,100,100,100,100,100,100,100,100,100,100,100,100,100,100,100,100,100,100,100,100,100,100,100,100,100,100,100,100,100,100,100,100,100,100,100,100,100,100,100,100,100,100,100,100,100,100,100,100,100,100,100,100,100,100,100,100,100,100,100,21,1,12,0,6,1,18,1,3,0,2,0,6,1,14,0,15,0,9,1,21,1,9,1,18,1,21,0,15,0,4,0,21,1,3,0,12,0,22,1,14,0,24,0,18,1,21,1,21,1,6,1,23,0,2,0,6,1,2,0,22,1,14,0,21,1,18,1,9,1,15,0,14,0,14,0,3,0,2,0,100,100,100,100,100,100,100,100,100,100,100,100,100,100,100,100,100,100,100,100,100,100,100,100,100,100,100,100,100,100,100,100,100,100,100,100,100,100,100,100,100,100,100,100,100,100,100,100,100,100,100,100,100,100,100,100,100,100,100,100,100,100,100,100,100,100,100,100,100,100,100,100,100,100,100,100,100,100,100,100,100,100,100,100,100,100,100,100,100,100,100,100,100,100,100,100,100,100,100,100,
1_2_48,none,1_3_30,none,1_4_1,none,1_4_31,none,1_4_39,none,1_5_10,none,1_5_33,none,1_6_6,none,1_6_42,none,1_7_25,none,1_8_11,none,1_8_51,none,1_9_43,none,1_10_35,none,1_11_35,none,1_12_1,none,1_12_33,none,1_13_0,none,1_13_58,none,1_14_54,none,1_16_23,none,1_16_53,none,1_17_37,none,1_17_52,none,1_18_36,none,1_19_10,none,1_19_49,none,1_20_19,none,1_20_49,none,1_21_18,none,1_22_33,none,1_25_2,none,1_25_49,none,1_27_4,none,1_28_11,none,1_28_53,none,1_29_39,none,1_30_41,none,1_31_49,none,none,none,none,none,none,none,none,none,none,none,none,none,none,none,none,none,none,none,none,none,none,none,none,none,none,none,none,none,none,none,none,none,none,none,none,none,none,none,none,none,none,none,none,none,none,none,none,none,none,none,none,none,none,none,none,none,none,none,none,none,none,none,none,none,none,none,none,none,none,none,none,none,none,none,none,none,none,none,none,none,none,none,none,none,none,none,none,none,none,none,none,none,none,none,none,none,none,none,none,none,none,none,1_34_40,none,1_35_8,none,1_35_24,none,1_35_48,none,1_36_3,none,1_36_25,none,1_36_59,none,1_37_51,none,1_38_23,none,1_38_59,none,1_39_29,none,1_39_45,none,1_40_26,none,1_41_47,none,1_42_56,none,1_43_27,none,1_44_57,none,1_45_50,none,1_46_8,none,1_46_44,none,1_47_28,none,1_47_56,none,1_48_15,none,1_48_33,none,1_49_7,none,1_49_49,none,1_50_7,none,1_50_23,none,1_50_44,none,1_51_1,none,none,none,none,none,none,none,none,none,none,none,none,none,none,none,none,none,none,none,none,none,none,none,none,none,none,none,none,none,none,none,none,none,none,none,none,none,none,none,none,none,none,none,none,none,none,none,none,none,none,none,none,none,none,none,none,none,none,none,none,none,none,none,none,none,none,none,none,none,none,none,none,none,none,none,none,none,none,none,none,none,none,none,none,none,none,none,none,none,none,none,none,none,none,none,none,none,none,none,none,none,none,none,none,none,none,none,none,none,none,none,none,none,none,none,none,none,none,none,none,none,1_54_5,none,1_54_45,none,1_55_4,none,1_55_27,none,1_55_53,none,1_56_20,none,1_57_1,none,1_57_45,none,1_58_37,none,1_59_10,none,1_59_42,none,2_0_15,none,2_0_49,none,2_1_25,none,2_1_48,none,2_2_36,none,2_3_3,none,2_4_9,none,2_5_11,none,2_6_41,none,2_8_4,none,2_10_5,none,2_10_30,none,2_10_57,none,2_11_28,none,2_12_1,none,2_12_27,none,2_12_55,none,2_13_41,none,2_14_7,none,2_14_48,none,2_15_44,none,2_16_41,none,2_17_17,none,2_18_3,none,2_18_25,none,2_19_0,none,2_19_53,none,2_20_49,none,2_21_37,none,none,none,none,none,none,none,none,none,none,none,none,none,none,none,none,none,none,none,none,none,none,none,none,none,none,none,none,none,none,none,none,none,none,none,none,none,none,none,none,none,none,none,none,none,none,none,none,none,none,none,none,none,none,none,none,none,none,none,none,none,none,none,none,none,none,none,none,none,none,none,none,none,none,none,none,none,none,none,none,none,none,none,none,none,none,none,none,none,none,none,none,none,none,none,none,none,none,none,none,none,
