2016_7_14_20_45_8,2016_7_14_20_54_54,
3,4,180,21,
0,4,
福万　４,2,3,0,高橋　８,6,4,0,輿猶　１１,3,1,0,松友　１０,5,9,0,
福万　４,3,2,0,高橋　８,4,3,0,輿猶　１１,8,6,0,松友　１０,2,6,0,
再春館製薬,12,13,0,日本ユニシス,21,21,0,
15,0,6,1,24,0,18,1,9,1,20,1,9,1,12,0,18,1,21,1,18,1,3,0,9,1,20,1,2,0,11,0,17,1,17,1,6,1,12,0,15,0,9,1,18,0,15,0,8,1,18,1,21,1,20,1,12,0,24,0,18,1,6,1,8,1,100,100,100,100,100,100,100,100,100,100,100,100,100,100,100,100,100,100,100,100,100,100,100,100,100,100,100,100,100,100,100,100,100,100,100,100,100,100,100,100,100,100,100,100,100,100,100,100,100,100,100,100,100,100,100,100,100,100,100,100,100,100,100,100,100,100,100,100,100,100,100,100,100,100,100,100,100,100,100,100,100,100,100,100,100,100,100,100,100,100,100,100,100,100,100,100,100,100,100,100,100,100,100,100,100,100,100,100,100,100,100,100,100,100,18,1,3,0,12,0,6,1,9,1,2,0,22,1,17,1,9,1,12,0,24,0,17,1,9,1,20,1,20,1,21,1,24,0,20,1,24,0,17,1,24,0,15,0,24,0,20,1,21,1,3,0,21,1,20,1,17,1,17,1,12,0,6,1,24,0,9,1,100,100,100,100,100,100,100,100,100,100,100,100,100,100,100,100,100,100,100,100,100,100,100,100,100,100,100,100,100,100,100,100,100,100,100,100,100,100,100,100,100,100,100,100,100,100,100,100,100,100,100,100,100,100,100,100,100,100,100,100,100,100,100,100,100,100,100,100,100,100,100,100,100,100,100,100,100,100,100,100,100,100,100,100,100,100,100,100,100,100,100,100,100,100,100,100,100,100,100,100,100,100,100,100,100,100,100,100,100,100,100,100,100,100,100,100,100,100,100,100,100,100,100,100,100,100,100,100,100,100,100,100,100,100,100,100,100,100,100,100,100,100,100,100,100,100,100,100,100,100,100,100,100,100,100,100,100,100,100,100,100,100,100,100,100,100,100,100,100,100,100,100,100,100,100,100,100,100,100,100,100,100,100,100,100,100,100,100,100,100,100,100,100,100,100,100,100,100,100,100,100,100,100,100,100,100,100,100,100,100,100,100,100,100,100,100,100,100,100,100,100,100,100,100,100,100,100,100,100,100,100,100,100,100,100,100,100,100,100,100,100,100,100,100,100,100,100,100,100,100,100,100,100,100,100,100,100,100,100,100,100,100,100,100,100,100,100,100,100,100,100,100,100,100,100,100,100,100,100,100,100,100,100,100,100,100,100,100,100,100,100,100,
20_45_20,none,20_45_27,none,20_45_31,none,20_45_36,none,20_45_55,none,20_45_57,none,20_46_1,none,20_46_3,none,20_46_7,none,20_46_14,none,20_46_18,none,20_46_22,none,20_46_29,none,20_46_33,none,20_46_37,none,20_46_43,none,20_46_49,none,20_46_51,none,20_46_55,none,20_47_6,none,20_47_14,none,20_47_20,none,20_47_23,none,20_51_23,none,20_51_28,none,20_51_32,none,20_51_36,none,20_51_38,none,20_51_43,none,20_51_46,none,20_51_51,none,20_51_55,none,20_52_1,none,none,none,none,none,none,none,none,none,none,none,none,none,none,none,none,none,none,none,none,none,none,none,none,none,none,none,none,none,none,none,none,none,none,none,none,none,none,none,none,none,none,none,none,none,none,none,none,none,none,none,none,none,none,none,none,none,none,none,none,none,none,none,none,none,none,none,none,none,none,none,none,none,none,none,none,none,none,none,none,none,none,none,none,none,none,none,none,none,none,none,none,none,none,none,none,none,none,none,none,none,none,none,none,none,none,none,none,none,none,none,none,none,none,none,20_52_13,none,20_52_20,none,20_52_23,none,20_52_27,none,20_52_30,none,20_52_35,none,20_52_43,none,20_52_49,none,20_52_52,none,20_52_55,none,20_52_59,none,20_53_5,none,20_53_13,none,20_53_18,none,20_53_21,none,20_53_25,none,20_53_29,none,20_53_32,none,20_53_35,none,20_53_47,none,20_53_52,none,20_53_56,none,20_53_59,none,20_54_2,none,20_54_5,none,20_54_13,none,20_54_18,none,20_54_24,none,20_54_29,none,20_54_31,none,20_54_34,none,20_54_38,none,20_54_42,none,20_54_46,none,none,none,none,none,none,none,none,none,none,none,none,none,none,none,none,none,none,none,none,none,none,none,none,none,none,none,none,none,none,none,none,none,none,none,none,none,none,none,none,none,none,none,none,none,none,none,none,none,none,none,none,none,none,none,none,none,none,none,none,none,none,none,none,none,none,none,none,none,none,none,none,none,none,none,none,none,none,none,none,none,none,none,none,none,none,none,none,none,none,none,none,none,none,none,none,none,none,none,none,none,none,none,none,none,none,none,none,none,none,none,none,none,none,none,none,none,none,none,none,none,none,none,none,none,none,none,none,none,none,none,none,none,none,none,none,none,none,none,none,none,none,none,none,none,none,none,none,none,none,none,none,none,none,none,none,none,none,none,none,none,none,none,none,none,none,none,none,none,none,none,none,none,none,none,none,none,none,none,none,none,none,none,none,none,none,none,none,none,none,none,none,none,none,none,none,none,none,none,none,none,none,none,none,none,none,none,none,none,none,none,none,none,none,none,none,none,none,none,none,none,none,none,none,none,none,none,none,none,none,none,none,none,none,none,none,none,none,none,none,none,none,none,none,none,none,none,none,none,none,none,none,none,none,none,none,none,none,none,none,none,none,none,none,none,none,none,none,none,none,none,none,none,none,none,none,none,none,none,none,none,none,none,none,none,none,none,none,none,none,none,none,none,
