2016_8_28_20_18_37,2016_8_28_21_46_37,
3,2,180,21,
2,5,
LEE Chong Wei,10,10,12,LIN Dan,10,5,14,
LEE Chong Wei,11,6,6,LIN Dan,5,11,10,
MAS,15,21,22,CHN,21,11,20,
9,1,12,0,9,1,6,1,6,1,3,0,6,1,6,1,3,0,3,0,6,1,6,1,6,1,12,0,9,1,2,0,8,1,12,0,6,1,8,1,3,0,6,1,9,1,2,0,12,0,6,1,3,0,8,1,5,1,3,0,12,0,3,0,9,1,3,0,8,1,9,1,100,100,100,100,100,100,100,100,100,100,100,100,100,100,100,100,100,100,100,100,100,100,100,100,100,100,100,100,100,100,100,100,100,100,100,100,100,100,100,100,100,100,100,100,100,100,100,100,100,100,100,100,100,100,100,100,100,100,100,100,100,100,100,100,100,100,100,100,100,100,100,100,100,100,100,100,100,100,100,100,100,100,100,100,100,100,100,100,100,100,100,100,100,100,100,100,100,100,100,100,100,100,100,100,100,100,100,100,2,0,12,0,2,0,12,0,12,0,6,1,12,0,8,1,3,0,12,0,11,0,3,0,3,0,12,0,12,0,6,1,9,1,12,0,3,0,3,0,6,1,8,1,6,1,2,0,12,0,6,1,9,1,6,1,12,0,8,1,3,0,3,0,100,100,100,100,100,100,100,100,100,100,100,100,100,100,100,100,100,100,100,100,100,100,100,100,100,100,100,100,100,100,100,100,100,100,100,100,100,100,100,100,100,100,100,100,100,100,100,100,100,100,100,100,100,100,100,100,100,100,100,100,100,100,100,100,100,100,100,100,100,100,100,100,100,100,100,100,100,100,100,100,100,100,100,100,100,100,100,100,100,100,100,100,100,100,100,100,100,100,100,100,100,100,100,100,100,100,100,100,100,100,100,100,100,100,100,100,2,0,2,0,8,1,5,1,12,0,6,1,2,0,2,0,8,1,9,1,9,1,8,1,2,0,2,0,3,0,6,1,11,0,8,1,9,1,2,0,8,1,11,0,2,0,8,1,12,0,8,1,11,0,8,1,8,1,12,0,12,0,6,1,12,0,2,0,2,0,5,1,12,0,6,1,8,1,8,1,12,0,2,0,100,100,100,100,100,100,100,100,100,100,100,100,100,100,100,100,100,100,100,100,100,100,100,100,100,100,100,100,100,100,100,100,100,100,100,100,100,100,100,100,100,100,100,100,100,100,100,100,100,100,100,100,100,100,100,100,100,100,100,100,100,100,100,100,100,100,100,100,100,100,100,100,100,100,100,100,100,100,100,100,100,100,100,100,100,100,100,100,100,100,100,100,100,100,100,100,
20_20_21,none,20_20_47,none,20_21_23,none,20_22_44,none,20_23_44,none,20_24_6,none,20_24_56,none,20_25_25,none,20_25_49,none,20_26_9,none,20_26_47,none,20_27_22,none,20_27_55,none,20_28_23,none,20_29_4,none,20_29_50,none,20_30_32,none,20_32_9,none,20_32_50,none,20_33_20,none,20_33_58,none,20_34_30,none,20_35_25,none,20_35_47,none,20_36_17,none,20_36_45,none,20_37_12,none,20_37_36,none,20_38_0,none,20_38_28,none,20_39_12,none,20_39_37,none,20_40_19,none,20_40_49,none,20_42_6,none,20_43_50,none,none,none,none,none,none,none,none,none,none,none,none,none,none,none,none,none,none,none,none,none,none,none,none,none,none,none,none,none,none,none,none,none,none,none,none,none,none,none,none,none,none,none,none,none,none,none,none,none,none,none,none,none,none,none,none,none,none,none,none,none,none,none,none,none,none,none,none,none,none,none,none,none,none,none,none,none,none,none,none,none,none,none,none,none,none,none,none,none,none,none,none,none,none,none,none,none,none,none,none,none,none,none,none,none,none,none,none,none,20_46_21,none,20_47_12,none,20_47_54,none,20_48_56,none,20_49_54,none,20_50_15,none,20_50_38,none,20_51_9,none,20_51_40,none,20_52_35,none,20_53_50,none,20_54_4,none,20_54_12,none,20_55_47,none,20_56_4,none,20_56_31,none,20_57_2,none,20_58_6,none,20_58_21,none,20_58_46,none,20_59_14,none,20_59_39,none,21_0_13,none,21_0_31,none,21_1_13,none,21_2_0,none,21_2_33,none,21_2_48,none,21_3_3,none,21_3_26,none,21_3_53,none,21_4_35,none,none,none,none,none,none,none,none,none,none,none,none,none,none,none,none,none,none,none,none,none,none,none,none,none,none,none,none,none,none,none,none,none,none,none,none,none,none,none,none,none,none,none,none,none,none,none,none,none,none,none,none,none,none,none,none,none,none,none,none,none,none,none,none,none,none,none,none,none,none,none,none,none,none,none,none,none,none,none,none,none,none,none,none,none,none,none,none,none,none,none,none,none,none,none,none,none,none,none,none,none,none,none,none,none,none,none,none,none,none,none,none,none,none,none,none,none,21_7_36,none,21_7_52,none,21_8_32,none,21_9_26,none,21_10_12,none,21_10_53,none,21_11_36,none,21_12_51,none,21_13_34,none,21_14_42,none,21_15_23,none,21_16_9,none,21_17_13,none,21_17_56,none,21_19_39,none,21_20_50,none,21_21_29,none,21_22_21,none,21_24_10,none,21_25_2,none,21_26_27,none,21_33_3,none,21_33_22,21_28_44,21_33_53,21_29_20,21_34_27,21_29_55,21_34_52,none,21_35_20,none,21_35_48,none,21_36_20,none,21_37_20,none,21_37_38,none,21_38_14,none,21_39_6,none,21_40_8,none,21_40_41,none,21_41_34,none,21_42_8,none,21_42_36,none,21_43_0,none,21_44_10,none,21_45_48,none,21_46_28,none,none,none,none,none,none,none,none,none,none,none,none,none,none,none,none,none,none,none,none,none,none,none,none,none,none,none,none,none,none,none,none,none,none,none,none,none,none,none,none,none,none,none,none,none,none,none,none,none,none,none,none,none,none,none,none,none,none,none,none,none,none,none,none,none,none,none,none,none,none,none,none,none,none,none,none,none,none,none,none,none,none,none,none,none,none,none,none,none,none,none,none,none,none,none,none,none,
