2016_8_20_21_50_34,2016_8_20_23_11_35,
3,2,180,21,
2,5,
LEE Chong Wei,10,7,0,CHEN Long,11,9,0,
LEE Chong Wei,10,12,0,CHEN Long,8,11,0,
MAS,18,18,0,CHN,21,21,0,
6,1,9,1,8,1,6,1,12,0,2,0,12,0,2,0,4,0,6,1,3,0,8,1,2,0,8,1,12,0,3,0,12,0,4,0,6,1,9,1,2,0,12,0,6,1,9,1,6,1,6,1,12,0,9,1,8,1,2,0,2,0,5,1,9,1,6,1,12,0,6,1,8,1,12,0,9,1,100,100,100,100,100,100,100,100,100,100,100,100,100,100,100,100,100,100,100,100,100,100,100,100,100,100,100,100,100,100,100,100,100,100,100,100,100,100,100,100,100,100,100,100,100,100,100,100,100,100,100,100,100,100,100,100,100,100,100,100,100,100,100,100,100,100,100,100,100,100,100,100,100,100,100,100,100,100,100,100,100,100,100,100,100,100,100,100,100,100,100,100,100,100,100,100,100,100,100,100,100,100,2,0,9,1,6,1,9,1,6,1,12,0,12,0,2,0,9,1,11,0,4,0,2,0,12,0,9,1,6,1,9,1,6,1,9,1,9,1,12,0,12,0,6,1,12,0,6,1,8,1,6,1,12,0,3,0,6,1,12,0,9,1,6,1,3,0,6,1,12,0,6,1,2,0,12,0,6,1,100,100,100,100,100,100,100,100,100,100,100,100,100,100,100,100,100,100,100,100,100,100,100,100,100,100,100,100,100,100,100,100,100,100,100,100,100,100,100,100,100,100,100,100,100,100,100,100,100,100,100,100,100,100,100,100,100,100,100,100,100,100,100,100,100,100,100,100,100,100,100,100,100,100,100,100,100,100,100,100,100,100,100,100,100,100,100,100,100,100,100,100,100,100,100,100,100,100,100,100,100,100,100,100,100,100,100,100,100,100,100,100,100,100,100,100,100,100,100,100,100,100,100,100,100,100,100,100,100,100,100,100,100,100,100,100,100,100,100,100,100,100,100,100,100,100,100,100,100,100,100,100,100,100,100,100,100,100,100,100,100,100,100,100,100,100,100,100,100,100,100,100,100,100,100,100,100,100,100,100,100,100,100,100,100,100,100,100,100,100,100,100,100,100,100,100,100,100,100,100,100,100,100,100,100,100,100,100,100,100,100,100,100,100,100,100,100,100,100,100,100,100,100,100,100,100,100,100,100,100,100,100,100,100,100,100,100,100,100,100,100,100,100,100,100,100,100,100,100,100,100,100,100,100,100,100,100,100,100,100,100,100,100,100,100,100,100,100,100,100,100,100,100,100,100,100,100,100,100,100,100,100,
21_57_41,none,21_58_12,none,21_59_0,none,21_59_24,none,21_59_53,none,22_0_15,none,22_0_41,none,22_1_11,none,22_1_46,none,22_2_23,none,22_2_55,none,22_3_33,none,22_4_17,none,22_5_24,none,22_6_50,none,22_7_36,none,22_8_26,none,22_9_31,none,22_11_40,none,22_12_54,none,22_14_25,none,22_15_52,none,22_16_45,none,22_17_21,none,22_18_22,none,22_19_6,none,22_19_52,none,22_20_34,none,22_21_41,none,22_22_52,none,22_23_32,none,22_24_40,none,22_25_44,none,22_26_39,none,22_27_30,none,22_28_39,none,22_30_1,none,22_30_53,none,22_31_34,none,none,none,none,none,none,none,none,none,none,none,none,none,none,none,none,none,none,none,none,none,none,none,none,none,none,none,none,none,none,none,none,none,none,none,none,none,none,none,none,none,none,none,none,none,none,none,none,none,none,none,none,none,none,none,none,none,none,none,none,none,none,none,none,none,none,none,none,none,none,none,none,none,none,none,none,none,none,none,none,none,none,none,none,none,none,none,none,none,none,none,none,none,none,none,none,none,none,none,none,none,none,none,22_34_30,none,22_35_6,none,22_36_34,none,22_37_39,none,22_38_53,none,22_39_25,none,22_39_50,none,22_40_45,none,22_41_45,none,22_42_45,none,22_43_22,none,22_44_7,none,22_45_33,none,22_46_28,none,22_47_29,none,22_48_38,none,22_49_16,none,22_50_35,none,22_51_37,none,22_53_20,none,22_53_54,none,22_54_52,none,22_55_49,none,22_56_32,none,22_57_15,none,22_57_54,none,22_58_32,none,22_59_18,none,23_0_47,none,23_1_59,none,23_3_20,none,23_5_9,none,23_5_47,none,23_6_54,none,23_7_33,none,23_8_15,none,23_9_0,none,23_10_7,none,23_11_11,none,none,none,none,none,none,none,none,none,none,none,none,none,none,none,none,none,none,none,none,none,none,none,none,none,none,none,none,none,none,none,none,none,none,none,none,none,none,none,none,none,none,none,none,none,none,none,none,none,none,none,none,none,none,none,none,none,none,none,none,none,none,none,none,none,none,none,none,none,none,none,none,none,none,none,none,none,none,none,none,none,none,none,none,none,none,none,none,none,none,none,none,none,none,none,none,none,none,none,none,none,none,none,none,none,none,none,none,none,none,none,none,none,none,none,none,none,none,none,none,none,none,none,none,none,none,none,none,none,none,none,none,none,none,none,none,none,none,none,none,none,none,none,none,none,none,none,none,none,none,none,none,none,none,none,none,none,none,none,none,none,none,none,none,none,none,none,none,none,none,none,none,none,none,none,none,none,none,none,none,none,none,none,none,none,none,none,none,none,none,none,none,none,none,none,none,none,none,none,none,none,none,none,none,none,none,none,none,none,none,none,none,none,none,none,none,none,none,none,none,none,none,none,none,none,none,none,none,none,none,none,none,none,none,none,none,none,none,none,none,none,none,none,none,none,none,none,none,none,none,none,none,none,none,none,none,none,none,none,none,none,none,none,none,none,none,none,none,none,none,none,none,none,none,none,none,none,none,none,none,none,none,none,
