2016_7_17_7_55_49,2016_7_17_8_10_43,
3,2,180,21,
1,0,
Player1,14,10,0,Player2,2,1,0,
Player1,12,4,0,Player2,7,11,0,
Team1,21,21,0,Team2,14,5,0,
6,1,3,0,6,1,3,0,5,1,12,0,6,1,3,0,12,0,2,0,3,0,6,1,6,1,2,0,6,1,9,1,3,0,6,1,3,0,6,1,12,0,3,0,6,1,3,0,6,1,3,0,12,0,12,0,12,0,12,0,3,0,6,1,9,1,2,0,3,0,100,100,100,100,100,100,100,100,100,100,100,100,100,100,100,100,100,100,100,100,100,100,100,100,100,100,100,100,100,100,100,100,100,100,100,100,100,100,100,100,100,100,100,100,100,100,100,100,100,100,100,100,100,100,100,100,100,100,100,100,100,100,100,100,100,100,100,100,100,100,100,100,100,100,100,100,100,100,100,100,100,100,100,100,100,100,100,100,100,100,100,100,100,100,100,100,100,100,100,100,100,100,100,100,100,100,100,100,100,100,12,0,3,0,12,0,12,0,12,0,12,0,12,0,2,0,3,0,12,0,12,0,6,1,6,1,3,0,3,0,12,0,3,0,5,1,6,1,12,0,8,1,3,0,3,0,12,0,3,0,3,0,100,100,100,100,100,100,100,100,100,100,100,100,100,100,100,100,100,100,100,100,100,100,100,100,100,100,100,100,100,100,100,100,100,100,100,100,100,100,100,100,100,100,100,100,100,100,100,100,100,100,100,100,100,100,100,100,100,100,100,100,100,100,100,100,100,100,100,100,100,100,100,100,100,100,100,100,100,100,100,100,100,100,100,100,100,100,100,100,100,100,100,100,100,100,100,100,100,100,100,100,100,100,100,100,100,100,100,100,100,100,100,100,100,100,100,100,100,100,100,100,100,100,100,100,100,100,100,100,100,100,100,100,100,100,100,100,100,100,100,100,100,100,100,100,100,100,100,100,100,100,100,100,100,100,100,100,100,100,100,100,100,100,100,100,100,100,100,100,100,100,100,100,100,100,100,100,100,100,100,100,100,100,100,100,100,100,100,100,100,100,100,100,100,100,100,100,100,100,100,100,100,100,100,100,100,100,100,100,100,100,100,100,100,100,100,100,100,100,100,100,100,100,100,100,100,100,100,100,100,100,100,100,100,100,100,100,100,100,100,100,100,100,100,100,100,100,100,100,100,100,100,100,100,100,100,100,100,100,100,100,100,100,100,100,100,100,100,100,100,100,100,100,100,100,100,100,100,100,100,100,100,100,100,100,100,100,100,100,100,100,100,100,100,100,100,100,100,100,100,100,100,100,100,100,100,100,100,100,
7_55_58,none,7_56_2,none,7_56_5,none,7_56_10,none,7_56_13,none,7_56_18,none,7_56_21,none,7_56_24,none,7_56_28,none,7_56_41,none,7_56_43,none,7_56_48,none,7_56_52,none,7_56_55,none,7_57_0,none,7_57_3,none,7_57_7,none,7_57_10,none,7_57_17,none,7_57_22,none,7_57_32,none,7_57_44,none,7_57_51,none,7_58_28,none,7_58_39,none,7_58_50,none,7_59_8,none,7_59_34,none,7_59_51,none,8_0_5,none,8_0_33,none,8_0_51,none,8_1_11,none,8_1_25,none,8_1_44,none,none,none,none,none,none,none,none,none,none,none,none,none,none,none,none,none,none,none,none,none,none,none,none,none,none,none,none,none,none,none,none,none,none,none,none,none,none,none,none,none,none,none,none,none,none,none,none,none,none,none,none,none,none,none,none,none,none,none,none,none,none,none,none,none,none,none,none,none,none,none,none,none,none,none,none,none,none,none,none,none,none,none,none,none,none,none,none,none,none,none,none,none,none,none,none,none,none,none,none,none,none,none,none,none,none,none,none,none,none,none,8_3_32,none,8_3_51,none,8_4_4,none,8_4_14,none,8_4_24,none,8_4_33,none,8_4_46,none,8_5_7,none,8_5_19,none,8_5_38,none,8_5_52,none,8_6_58,none,8_7_5,none,8_7_22,none,8_7_37,none,8_7_49,none,8_8_14,none,8_8_31,none,8_8_49,none,8_9_5,none,8_9_33,none,8_9_45,none,8_9_55,none,8_10_13,none,8_10_24,none,8_10_36,none,none,none,none,none,none,none,none,none,none,none,none,none,none,none,none,none,none,none,none,none,none,none,none,none,none,none,none,none,none,none,none,none,none,none,none,none,none,none,none,none,none,none,none,none,none,none,none,none,none,none,none,none,none,none,none,none,none,none,none,none,none,none,none,none,none,none,none,none,none,none,none,none,none,none,none,none,none,none,none,none,none,none,none,none,none,none,none,none,none,none,none,none,none,none,none,none,none,none,none,none,none,none,none,none,none,none,none,none,none,none,none,none,none,none,none,none,none,none,none,none,none,none,none,none,none,none,none,none,none,none,none,none,none,none,none,none,none,none,none,none,none,none,none,none,none,none,none,none,none,none,none,none,none,none,none,none,none,none,none,none,none,none,none,none,none,none,none,none,none,none,none,none,none,none,none,none,none,none,none,none,none,none,none,none,none,none,none,none,none,none,none,none,none,none,none,none,none,none,none,none,none,none,none,none,none,none,none,none,none,none,none,none,none,none,none,none,none,none,none,none,none,none,none,none,none,none,none,none,none,none,none,none,none,none,none,none,none,none,none,none,none,none,none,none,none,none,none,none,none,none,none,none,none,none,none,none,none,none,none,none,none,none,none,none,none,none,none,none,none,none,none,none,none,none,none,none,none,none,none,none,none,none,none,none,none,none,none,none,none,none,none,none,none,none,none,none,none,none,none,none,none,none,none,none,none,none,none,none,
