2016_7_15_22_51_13,2016_7_16_10_21_14,
3,2,180,21,
0,1,
桃田,8,7,12,西本,14,4,3,
桃田,7,5,9,西本,11,14,9,
NTT東日本,19,21,21,中央大学,21,9,12,
9,1,8,1,2,0,12,0,9,1,3,0,12,0,12,0,12,0,9,1,9,1,9,1,3,0,12,0,12,0,12,0,6,1,3,0,6,1,5,1,3,0,3,0,6,1,12,0,6,1,9,1,9,1,8,1,6,1,9,1,12,0,8,1,3,0,2,0,9,1,12,0,12,0,8,1,8,1,6,1,100,100,100,100,100,100,100,100,100,100,100,100,100,100,100,100,100,100,100,100,100,100,100,100,100,100,100,100,100,100,100,100,100,100,100,100,100,100,100,100,100,100,100,100,100,100,100,100,100,100,100,100,100,100,100,100,100,100,100,100,100,100,100,100,100,100,100,100,100,100,100,100,100,100,100,100,100,100,100,100,100,100,100,100,100,100,100,100,100,100,100,100,100,100,100,100,100,100,100,100,3,0,3,0,12,0,8,1,11,0,12,0,11,0,2,0,6,1,12,0,10,1,12,0,3,0,6,1,3,0,9,1,12,0,12,0,2,0,9,1,2,0,12,0,12,0,6,1,6,1,12,0,12,0,6,1,11,0,12,0,100,100,100,100,100,100,100,100,100,100,100,100,100,100,100,100,100,100,100,100,100,100,100,100,100,100,100,100,100,100,100,100,100,100,100,100,100,100,100,100,100,100,100,100,100,100,100,100,100,100,100,100,100,100,100,100,100,100,100,100,100,100,100,100,100,100,100,100,100,100,100,100,100,100,100,100,100,100,100,100,100,100,100,100,100,100,100,100,100,100,100,100,100,100,100,100,100,100,100,100,100,100,100,100,100,100,100,100,100,100,100,100,100,100,100,100,100,100,100,100,3,0,12,0,6,1,6,1,3,0,3,0,12,0,12,0,9,1,3,0,3,0,9,1,3,0,6,1,12,0,9,1,3,0,6,1,3,0,6,1,12,0,12,0,2,0,11,0,2,0,6,1,6,1,3,0,12,0,6,1,6,1,12,0,2,0,100,100,100,100,100,100,100,100,100,100,100,100,100,100,100,100,100,100,100,100,100,100,100,100,100,100,100,100,100,100,100,100,100,100,100,100,100,100,100,100,100,100,100,100,100,100,100,100,100,100,100,100,100,100,100,100,100,100,100,100,100,100,100,100,100,100,100,100,100,100,100,100,100,100,100,100,100,100,100,100,100,100,100,100,100,100,100,100,100,100,100,100,100,100,100,100,100,100,100,100,100,100,100,100,100,100,100,100,100,100,100,100,100,100,
21_56_28,none,21_56_55,none,21_57_16,none,21_57_50,none,21_58_10,none,21_58_34,none,21_59_10,none,21_59_35,none,21_59_58,none,22_0_46,none,22_3_21,none,22_4_12,none,22_4_40,none,22_4_59,none,22_5_23,none,22_5_52,none,22_6_29,none,22_6_59,none,22_9_11,none,22_9_55,none,22_10_31,none,22_10_58,none,22_11_36,none,22_12_2,none,22_12_34,none,22_13_1,none,22_13_32,none,22_14_13,none,22_14_46,none,22_15_22,none,22_16_53,none,22_17_59,none,22_18_27,none,22_18_52,none,22_19_37,none,22_20_25,none,22_21_20,none,22_22_17,none,22_22_52,none,22_23_26,none,none,none,none,none,none,none,none,none,none,none,none,none,none,none,none,none,none,none,none,none,none,none,none,none,none,none,none,none,none,none,none,none,none,none,none,none,none,none,none,none,none,none,none,none,none,none,none,none,none,none,none,none,none,none,none,none,none,none,none,none,none,none,none,none,none,none,none,none,none,none,none,none,none,none,none,none,none,none,none,none,none,none,none,none,none,none,none,none,none,none,none,none,none,none,none,none,none,none,none,none,9_41_38,none,9_41_59,none,9_42_42,none,9_43_26,none,9_44_0,none,9_44_20,none,9_45_14,none,9_45_27,none,9_46_6,none,9_46_35,none,9_47_46,none,9_48_9,none,9_48_51,none,9_49_16,none,9_49_34,none,9_50_43,none,9_51_10,none,9_51_59,none,9_52_17,none,9_53_6,none,9_53_28,none,9_54_2,none,9_54_45,none,9_54_59,none,9_55_24,none,9_55_56,none,9_56_21,none,9_56_37,none,9_56_58,none,9_57_13,none,none,none,none,none,none,none,none,none,none,none,none,none,none,none,none,none,none,none,none,none,none,none,none,none,none,none,none,none,none,none,none,none,none,none,none,none,none,none,none,none,none,none,none,none,none,none,none,none,none,none,none,none,none,none,none,none,none,none,none,none,none,none,none,none,none,none,none,none,none,none,none,none,none,none,none,none,none,none,none,none,none,none,none,none,none,none,none,none,none,none,none,none,none,none,none,none,none,none,none,none,none,none,none,none,none,none,none,none,none,none,none,none,none,none,none,none,none,none,none,none,9_58_52,none,9_59_16,none,9_59_59,none,10_0_47,none,10_1_49,none,10_2_32,none,10_3_5,none,10_3_30,none,10_4_11,none,10_4_56,none,10_6_1,none,10_6_47,none,10_8_4,none,10_8_32,none,10_8_59,none,10_9_24,none,10_10_15,none,10_11_58,none,10_12_38,none,10_13_3,none,10_13_59,none,10_14_35,none,10_15_14,none,10_15_52,none,10_16_8,none,10_16_34,none,10_17_8,none,10_17_45,none,10_18_16,none,10_18_44,none,10_19_19,none,10_20_22,none,10_21_11,none,none,none,none,none,none,none,none,none,none,none,none,none,none,none,none,none,none,none,none,none,none,none,none,none,none,none,none,none,none,none,none,none,none,none,none,none,none,none,none,none,none,none,none,none,none,none,none,none,none,none,none,none,none,none,none,none,none,none,none,none,none,none,none,none,none,none,none,none,none,none,none,none,none,none,none,none,none,none,none,none,none,none,none,none,none,none,none,none,none,none,none,none,none,none,none,none,none,none,none,none,none,none,none,none,none,none,none,none,none,none,none,none,none,none,
