2016_7_14_20_28_41,2016_7_14_20_37_33,
3,4,180,21,
1,0,
園田　２,4,4,6,保木　１９,4,0,3,嘉村　１０,5,6,2,小林　左利き　４,8,3,3,
園田　２,1,5,1,保木　１９,2,4,7,嘉村　１０,8,7,1,小林　左利き　４,8,7,6,
トナミ運輸,19,21,21,トナミ運輸,21,15,8,
12,0,9,1,15,0,8,1,23,0,9,1,24,0,21,1,14,0,21,1,12,0,18,1,14,0,20,1,20,1,18,1,3,0,24,0,8,1,5,1,24,0,21,1,18,1,15,0,15,0,18,1,17,1,23,0,20,1,17,1,20,1,3,0,24,0,3,0,18,1,2,0,17,1,24,0,24,0,21,1,100,100,100,100,100,100,100,100,100,100,100,100,100,100,100,100,100,100,100,100,100,100,100,100,100,100,100,100,100,100,100,100,100,100,100,100,100,100,100,100,100,100,100,100,100,100,100,100,100,100,100,100,100,100,100,100,100,100,100,100,100,100,100,100,100,100,100,100,100,100,100,100,100,100,100,100,100,100,100,100,100,100,100,100,100,100,100,100,100,100,100,100,100,100,100,100,100,100,100,100,24,0,15,0,23,0,11,0,18,1,12,0,18,1,15,0,24,0,6,1,2,0,17,1,24,0,3,0,24,0,14,0,24,0,20,1,6,1,14,0,12,0,11,0,18,1,20,1,18,1,18,1,15,0,6,1,2,0,5,1,17,1,23,0,14,0,21,1,6,1,2,0,100,100,100,100,100,100,100,100,100,100,100,100,100,100,100,100,100,100,100,100,100,100,100,100,100,100,100,100,100,100,100,100,100,100,100,100,100,100,100,100,100,100,100,100,100,100,100,100,100,100,100,100,100,100,100,100,100,100,100,100,100,100,100,100,100,100,100,100,100,100,100,100,100,100,100,100,100,100,100,100,100,100,100,100,100,100,100,100,100,100,100,100,100,100,100,100,100,100,100,100,100,100,100,100,100,100,100,100,8,1,12,0,8,1,11,0,11,0,23,0,23,0,23,0,2,0,8,1,21,1,11,0,24,0,21,1,11,0,6,1,15,0,24,0,20,1,18,1,3,0,24,0,11,0,12,0,2,0,2,0,3,0,3,0,15,0,100,100,100,100,100,100,100,100,100,100,100,100,100,100,100,100,100,100,100,100,100,100,100,100,100,100,100,100,100,100,100,100,100,100,100,100,100,100,100,100,100,100,100,100,100,100,100,100,100,100,100,100,100,100,100,100,100,100,100,100,100,100,100,100,100,100,100,100,100,100,100,100,100,100,100,100,100,100,100,100,100,100,100,100,100,100,100,100,100,100,100,100,100,100,100,100,100,100,100,100,100,100,100,100,100,100,100,100,100,100,100,100,100,100,100,100,100,100,100,100,100,100,
20_28_48,none,20_28_54,none,20_29_2,none,20_29_6,none,20_29_9,none,20_29_13,none,20_29_16,none,20_29_22,none,20_29_26,none,20_29_33,none,20_29_53,none,20_30_1,none,20_30_4,none,20_30_10,none,20_30_12,none,20_30_17,none,20_30_21,none,20_30_26,none,20_30_31,none,20_30_35,none,20_30_40,none,20_30_45,none,20_30_50,none,20_30_53,none,20_30_56,none,20_31_0,none,20_31_3,none,20_31_10,none,20_31_13,none,20_31_17,none,20_31_23,none,20_31_27,none,20_31_32,none,20_31_37,none,20_31_43,none,20_31_46,none,20_31_50,none,20_31_54,none,20_31_59,none,20_32_7,none,none,none,none,none,none,none,none,none,none,none,none,none,none,none,none,none,none,none,none,none,none,none,none,none,none,none,none,none,none,none,none,none,none,none,none,none,none,none,none,none,none,none,none,none,none,none,none,none,none,none,none,none,none,none,none,none,none,none,none,none,none,none,none,none,none,none,none,none,none,none,none,none,none,none,none,none,none,none,none,none,none,none,none,none,none,none,none,none,none,none,none,none,none,none,none,none,none,none,none,none,20_32_22,none,20_32_27,none,20_32_31,none,20_32_34,none,20_32_37,none,20_32_43,none,20_32_46,none,20_32_51,none,20_32_55,none,20_33_0,none,20_33_4,none,20_33_9,none,20_33_13,none,20_33_23,none,20_33_29,none,20_33_36,none,20_33_39,none,20_33_42,none,20_33_47,none,20_33_51,none,20_33_56,none,20_34_1,none,20_34_6,none,20_34_11,none,20_34_20,none,20_34_22,none,20_34_26,none,20_34_34,none,20_34_38,none,20_34_41,none,20_34_46,none,20_34_52,none,20_34_56,none,20_34_59,none,20_35_3,none,20_35_10,none,none,none,none,none,none,none,none,none,none,none,none,none,none,none,none,none,none,none,none,none,none,none,none,none,none,none,none,none,none,none,none,none,none,none,none,none,none,none,none,none,none,none,none,none,none,none,none,none,none,none,none,none,none,none,none,none,none,none,none,none,none,none,none,none,none,none,none,none,none,none,none,none,none,none,none,none,none,none,none,none,none,none,none,none,none,none,none,none,none,none,none,none,none,none,none,none,none,none,none,none,none,none,none,none,none,none,none,none,20_35_21,none,20_35_26,none,20_35_29,none,20_35_35,none,20_35_38,none,20_35_44,none,20_35_47,none,20_35_49,none,20_35_54,none,20_35_57,none,20_36_1,none,20_36_5,none,20_36_14,none,20_36_17,none,20_36_21,none,20_36_25,none,20_36_30,none,20_36_33,none,20_36_37,none,20_36_43,none,20_36_48,none,20_36_51,none,20_36_57,none,20_36_59,none,20_37_4,none,20_37_11,none,20_37_15,none,20_37_18,none,20_37_23,none,none,none,none,none,none,none,none,none,none,none,none,none,none,none,none,none,none,none,none,none,none,none,none,none,none,none,none,none,none,none,none,none,none,none,none,none,none,none,none,none,none,none,none,none,none,none,none,none,none,none,none,none,none,none,none,none,none,none,none,none,none,none,none,none,none,none,none,none,none,none,none,none,none,none,none,none,none,none,none,none,none,none,none,none,none,none,none,none,none,none,none,none,none,none,none,none,none,none,none,none,none,none,none,none,none,none,none,none,none,none,none,none,none,none,none,none,none,none,none,none,none,none,
