2016_5_30_20_55_21,2016_5_30_21_41_0,
3,4,180,21,
0,4,
福万 4,2,3,0,輿猶11,3,1,0,高橋 8,6,4,0,松友 10,5,9,0,
福万 4,3,2,0,輿猶11,8,6,0,高橋 8,4,3,0,松友 10,2,6,0,
再春館製薬,12,13,0,日本ユニシス,21,21,0,
9,0,6,1,24,0,12,1,15,1,20,1,15,1,18,0,12,1,21,1,12,1,3,0,15,1,20,1,2,0,17,0,11,1,11,1,6,1,18,0,9,0,15,1,12,0,9,0,14,1,12,1,21,1,20,1,18,0,24,0,12,1,6,1,14,1,100,100,100,100,100,100,100,100,100,100,100,100,100,100,100,100,100,100,100,100,100,100,100,100,100,100,100,100,100,100,100,100,100,100,100,100,100,100,100,100,100,100,100,100,100,100,100,100,100,100,100,100,100,100,100,100,100,100,100,100,100,100,100,100,100,100,100,100,100,100,100,100,100,100,100,100,100,100,100,100,100,100,100,100,100,100,100,100,100,100,100,100,100,100,100,100,100,100,100,100,100,100,100,100,100,100,100,100,100,100,100,100,100,100,12,1,3,0,18,0,6,1,15,1,2,0,22,1,11,1,15,1,18,0,24,0,11,1,15,1,20,1,20,1,21,1,24,0,20,1,24,0,11,1,24,0,9,0,24,0,20,1,21,1,3,0,21,1,20,1,11,1,11,1,18,0,6,1,24,0,15,1,100,100,100,100,100,100,100,100,100,100,100,100,100,100,100,100,100,100,100,100,100,100,100,100,100,100,100,100,100,100,100,100,100,100,100,100,100,100,100,100,100,100,100,100,100,100,100,100,100,100,100,100,100,100,100,100,100,100,100,100,100,100,100,100,100,100,100,100,100,100,100,100,100,100,100,100,100,100,100,100,100,100,100,100,100,100,100,100,100,100,100,100,100,100,100,100,100,100,100,100,100,100,100,100,100,100,100,100,100,100,100,100,100,100,100,100,100,100,100,100,100,100,100,100,100,100,100,100,100,100,100,100,100,100,100,100,100,100,100,100,100,100,100,100,100,100,100,100,100,100,100,100,100,100,100,100,100,100,100,100,100,100,100,100,100,100,100,100,100,100,100,100,100,100,100,100,100,100,100,100,100,100,100,100,100,100,100,100,100,100,100,100,100,100,100,100,100,100,100,100,100,100,100,100,100,100,100,100,100,100,100,100,100,100,100,100,100,100,100,100,100,100,100,100,100,100,100,100,100,100,100,100,100,100,100,100,100,100,100,100,100,100,100,100,100,100,100,100,100,100,100,100,100,100,100,100,100,100,100,100,100,100,100,100,100,100,100,100,100,100,100,100,100,100,100,100,100,100,100,100,100,100,100,100,100,100,100,100,100,100,100,100,
20_56_46,20_56_47,20_57_2,20_57_2,20_57_29,20_57_30,20_57_50,20_57_52,20_58_31,20_58_35,20_58_52,20_58_53,20_59_19,20_59_20,20_59_32,20_59_32,21_0_26,21_0_27,21_0_41,21_0_42,21_1_39,21_1_40,21_2_4,21_2_4,21_2_37,21_2_37,21_3_15,21_3_16,21_3_49,21_3_50,21_4_32,21_4_33,21_4_53,21_4_53,21_7_3,21_7_4,21_7_35,21_7_35,21_7_51,21_7_52,21_8_43,21_8_44,21_9_24,21_9_24,21_9_45,21_9_49,21_10_24,21_10_26,21_11_25,21_11_26,21_11_59,21_12_0,21_12_42,21_12_43,21_13_9,21_13_10,21_13_41,21_13_42,21_14_1,21_14_2,21_14_42,21_14_42,21_15_12,21_15_13,21_15_38,21_15_39,none,none,none,none,none,none,none,none,none,none,none,none,none,none,none,none,none,none,none,none,none,none,none,none,none,none,none,none,none,none,none,none,none,none,none,none,none,none,none,none,none,none,none,none,none,none,none,none,none,none,none,none,none,none,none,none,none,none,none,none,none,none,none,none,none,none,none,none,none,none,none,none,none,none,none,none,none,none,none,none,none,none,none,none,none,none,none,none,none,none,none,none,none,none,none,none,none,none,none,none,none,none,none,none,none,none,none,none,none,none,none,none,none,none,21_18_24,21_18_25,21_18_47,21_18_48,21_19_20,21_19_21,21_19_39,21_19_41,21_20_7,21_20_7,21_20_57,21_20_58,21_21_28,21_21_29,21_22_37,21_22_38,21_23_19,21_23_20,21_25_2,21_25_3,21_26_27,21_26_27,21_26_45,21_26_45,21_27_17,21_27_19,21_28_6,21_28_7,21_28_23,21_28_24,21_28_59,21_29_0,21_30_31,21_30_32,21_31_5,21_31_6,21_31_54,21_31_56,21_32_31,21_32_32,21_32_50,21_32_50,21_33_18,21_33_19,21_33_50,21_33_50,21_34_26,21_34_26,21_35_2,21_35_2,21_35_28,21_35_29,21_36_0,21_36_0,21_36_35,21_36_36,21_37_6,21_37_7,21_37_51,21_37_52,21_38_14,21_38_14,21_39_18,21_39_19,21_39_47,21_39_48,21_40_51,21_40_52,none,none,none,none,none,none,none,none,none,none,none,none,none,none,none,none,none,none,none,none,none,none,none,none,none,none,none,none,none,none,none,none,none,none,none,none,none,none,none,none,none,none,none,none,none,none,none,none,none,none,none,none,none,none,none,none,none,none,none,none,none,none,none,none,none,none,none,none,none,none,none,none,none,none,none,none,none,none,none,none,none,none,none,none,none,none,none,none,none,none,none,none,none,none,none,none,none,none,none,none,none,none,none,none,none,none,none,none,none,none,none,none,none,none,none,none,none,none,none,none,none,none,none,none,none,none,none,none,none,none,none,none,none,none,none,none,none,none,none,none,none,none,none,none,none,none,none,none,none,none,none,none,none,none,none,none,none,none,none,none,none,none,none,none,none,none,none,none,none,none,none,none,none,none,none,none,none,none,none,none,none,none,none,none,none,none,none,none,none,none,none,none,none,none,none,none,none,none,none,none,none,none,none,none,none,none,none,none,none,none,none,none,none,none,none,none,none,none,none,none,none,none,none,none,none,none,none,none,none,none,none,none,none,none,none,none,none,none,none,none,none,none,none,none,none,none,none,none,none,none,none,none,none,none,none,none,none,none,none,none,none,none,none,none,none,none,none,none,none,none,none,none,none,none,none,none,none,none,none,none,none,none,none,none,none,none,none,none,none,none,none,none,
メモ
